product_id,keyword_noun
"1662220656",ケミカル レース ロング スカート ボトムス カジュアル 大人 通勤 ＯＮ スタイル オフィス オフィスカジュアル 会食 
"1662220656M020",ケミカル レース ロング スカート ボトムス カジュアル 大人 通勤 ＯＮ スタイル オフィス オフィスカジュアル 会食 
"1662220656M030",ケミカル レース ロング スカート ボトムス カジュアル 大人 通勤 ＯＮ スタイル オフィス オフィスカジュアル 会食 
"1662220656M040",ケミカル レース ロング スカート ボトムス カジュアル 大人 通勤 ＯＮ スタイル オフィス オフィスカジュアル 会食 
"1662220656M052",ケミカル レース ロング スカート ボトムス カジュアル 大人 通勤 ＯＮ スタイル オフィス オフィスカジュアル 会食 
"1662220656M061",ケミカル レース ロング スカート ボトムス カジュアル 大人 通勤 ＯＮ スタイル オフィス オフィスカジュアル 会食 
"1662220656M080",ケミカル レース ロング スカート ボトムス カジュアル 大人 通勤 ＯＮ スタイル オフィス オフィスカジュアル 会食 
"1662220656M090",ケミカル レース ロング スカート ボトムス カジュアル 大人 通勤 ＯＮ スタイル オフィス オフィスカジュアル 会食 
"1662220656M122",ケミカル レース ロング スカート ボトムス カジュアル 大人 通勤 ＯＮ スタイル オフィス オフィスカジュアル 会食 
"1212220008",先行 予約 １０ 月 下旬 １１ 上旬 入荷 予定 アシメギャザー マー メイド スカート ボトムス 大人 カジュアル 通勤 ＯＮ スタイル オフィス オフィスカジュアル 
"1212220008S020",先行 予約 １０ 月 下旬 １１ 上旬 入荷 予定 アシメギャザー マー メイド スカート ボトムス 大人 カジュアル 通勤 ＯＮ スタイル オフィス オフィスカジュアル 
"1212220008M020",先行 予約 １０ 月 下旬 １１ 上旬 入荷 予定 アシメギャザー マー メイド スカート ボトムス 大人 カジュアル 通勤 ＯＮ スタイル オフィス オフィスカジュアル 
"1212220008S110",先行 予約 １０ 月 下旬 １１ 上旬 入荷 予定 アシメギャザー マー メイド スカート ボトムス 大人 カジュアル 通勤 ＯＮ スタイル オフィス オフィスカジュアル 
"1212220008M110",先行 予約 １０ 月 下旬 １１ 上旬 入荷 予定 アシメギャザー マー メイド スカート ボトムス 大人 カジュアル 通勤 ＯＮ スタイル オフィス オフィスカジュアル 
"1252220033",先行 予約 ９ 月 下旬 １０ 上旬 入荷 予定 ＪＪ マトラッセスカート スカート 大人 カジュアル モード 
"1252220033S010",先行 予約 ９ 月 下旬 １０ 上旬 入荷 予定 ＪＪ マトラッセスカート スカート 大人 カジュアル モード 
"1252220033M010",先行 予約 ９ 月 下旬 １０ 上旬 入荷 予定 ＪＪ マトラッセスカート スカート 大人 カジュアル モード 
"1252220033S030",先行 予約 ９ 月 下旬 １０ 上旬 入荷 予定 ＪＪ マトラッセスカート スカート 大人 カジュアル モード 
"1252220033M030",先行 予約 ９ 月 下旬 １０ 上旬 入荷 予定 ＪＪ マトラッセスカート スカート 大人 カジュアル モード 
"1252220033S040",先行 予約 ９ 月 下旬 １０ 上旬 入荷 予定 ＪＪ マトラッセスカート スカート 大人 カジュアル モード 
"1252220033M040",先行 予約 ９ 月 下旬 １０ 上旬 入荷 予定 ＪＪ マトラッセスカート スカート 大人 カジュアル モード 
"1312220031",シリーズ 対応 商品 配色 ステッチ バック レース アップ スカート ボトムス カジュアル 大人 
"1312220031XS010",シリーズ 対応 商品 配色 ステッチ バック レース アップ スカート ボトムス カジュアル 大人 
"1312220031S010",シリーズ 対応 商品 配色 ステッチ バック レース アップ スカート ボトムス カジュアル 大人 
"1312220031S050",シリーズ 対応 商品 配色 ステッチ バック レース アップ スカート ボトムス カジュアル 大人 
"1312220031M050",シリーズ 対応 商品 配色 ステッチ バック レース アップ スカート ボトムス カジュアル 大人 
"1312220031XS110",シリーズ 対応 商品 配色 ステッチ バック レース アップ スカート ボトムス カジュアル 大人 
"1312220031S110",シリーズ 対応 商品 配色 ステッチ バック レース アップ スカート ボトムス カジュアル 大人 
"1312220031M110",シリーズ 対応 商品 配色 ステッチ バック レース アップ スカート ボトムス カジュアル 大人 
"0172293003",ネップ チェック マフラー 柄 フリンジ トレンド 
"0172293003FR032",ネップ チェック マフラー 柄 フリンジ トレンド 
"0172293003FR052",ネップ チェック マフラー 柄 フリンジ トレンド 
"1312220016",ふくれ ジャガー ド ギャザー スカート ボトムス 大人 カジュアル 膨れ ジャガード 
"1312220016M010",ふくれ ジャガー ド ギャザー スカート ボトムス 大人 カジュアル 膨れ ジャガード 
"1312220016S040",ふくれ ジャガー ド ギャザー スカート ボトムス 大人 カジュアル 膨れ ジャガード 
"1312220016M040",ふくれ ジャガー ド ギャザー スカート ボトムス 大人 カジュアル 膨れ ジャガード 
"1312220016S130",ふくれ ジャガー ド ギャザー スカート ボトムス 大人 カジュアル 膨れ ジャガード 
"1312220016M130",ふくれ ジャガー ド ギャザー スカート ボトムス 大人 カジュアル 膨れ ジャガード 
"1212210007",先行 予約 １０ 月 下旬 １１ 上旬 入荷 予定 ラッフル ボウ タイブ ラウス トップス ブラウス 大人 カジュアル 通勤 ＯＮ スタイル オフィス オフィスカジュアル 
"1212210007S030",先行 予約 １０ 月 下旬 １１ 上旬 入荷 予定 ラッフル ボウ タイブ ラウス トップス ブラウス 大人 カジュアル 通勤 ＯＮ スタイル オフィス オフィスカジュアル 
"1212210007M030",先行 予約 １０ 月 下旬 １１ 上旬 入荷 予定 ラッフル ボウ タイブ ラウス トップス ブラウス 大人 カジュアル 通勤 ＯＮ スタイル オフィス オフィスカジュアル 
"1212210007S091",先行 予約 １０ 月 下旬 １１ 上旬 入荷 予定 ラッフル ボウ タイブ ラウス トップス ブラウス 大人 カジュアル 通勤 ＯＮ スタイル オフィス オフィスカジュアル 
"1212210007M091",先行 予約 １０ 月 下旬 １１ 上旬 入荷 予定 ラッフル ボウ タイブ ラウス トップス ブラウス 大人 カジュアル 通勤 ＯＮ スタイル オフィス オフィスカジュアル 
"1212210007S110",先行 予約 １０ 月 下旬 １１ 上旬 入荷 予定 ラッフル ボウ タイブ ラウス トップス ブラウス 大人 カジュアル 通勤 ＯＮ スタイル オフィス オフィスカジュアル 
"1212210007M110",先行 予約 １０ 月 下旬 １１ 上旬 入荷 予定 ラッフル ボウ タイブ ラウス トップス ブラウス 大人 カジュアル 通勤 ＯＮ スタイル オフィス オフィスカジュアル 
"0172270049",先行 予約 ９ 月 下旬 １０ 上旬 入荷 予定 シャギー クロップ ドニット ニット 
"0172270049M021",先行 予約 ９ 月 下旬 １０ 上旬 入荷 予定 シャギー クロップ ドニット ニット 
"0172270049M031",先行 予約 ９ 月 下旬 １０ 上旬 入荷 予定 シャギー クロップ ドニット ニット 
"0172270049M080",先行 予約 ９ 月 下旬 １０ 上旬 入荷 予定 シャギー クロップ ドニット ニット 
"0172270100",先行 予約 １０ 月 下旬 １１ 上旬 入荷 予定 総針 シリーズ マトン スリーブ ニット 
"0172270100M010",先行 予約 １０ 月 下旬 １１ 上旬 入荷 予定 総針 シリーズ マトン スリーブ ニット 
"0172270100M031",先行 予約 １０ 月 下旬 １１ 上旬 入荷 予定 総針 シリーズ マトン スリーブ ニット 
"0172270100M090",先行 予約 １０ 月 下旬 １１ 上旬 入荷 予定 総針 シリーズ マトン スリーブ ニット 
"0172270100M110",先行 予約 １０ 月 下旬 １１ 上旬 入荷 予定 総針 シリーズ マトン スリーブ ニット 
"0172282006",先行 予約 ９ 月 下旬 １０ 上旬 入荷 予定 エンベローブ ピロー バッグ フェイク レザー キルティング エンペロープ フリー アジャスト 
"0172282006-010",先行 予約 ９ 月 下旬 １０ 上旬 入荷 予定 エンベローブ ピロー バッグ フェイク レザー キルティング エンペロープ フリー アジャスト 
"0172282006-031",先行 予約 ９ 月 下旬 １０ 上旬 入荷 予定 エンベローブ ピロー バッグ フェイク レザー キルティング エンペロープ フリー アジャスト 
"0172282006-130",先行 予約 ９ 月 下旬 １０ 上旬 入荷 予定 エンベローブ ピロー バッグ フェイク レザー キルティング エンペロープ フリー アジャスト 
"0172293002",先行 予約 ９ 月 下旬 １０ 上旬 入荷 予定 フェイク ファーティペット ファー ティペット 
"0172293002FR031",先行 予約 ９ 月 下旬 １０ 上旬 入荷 予定 フェイク ファーティペット ファー ティペット 
"0172293002FR050",先行 予約 ９ 月 下旬 １０ 上旬 入荷 予定 フェイク ファーティペット ファー ティペット 
"1212240511",美人 百花 １０ 月 号 タイアップ 宇垣 美里 着用 商品 セミフレア ハイ ウエスト ニット ワンピース ワン ピース 通勤 ＯＮ スタイル オフィス オフィスカジュアル 
"1212240511S010",美人 百花 １０ 月 号 タイアップ 宇垣 美里 着用 商品 セミフレア ハイ ウエスト ニット ワンピース ワン ピース 通勤 ＯＮ スタイル オフィス オフィスカジュアル 
"1212240511M010",美人 百花 １０ 月 号 タイアップ 宇垣 美里 着用 商品 セミフレア ハイ ウエスト ニット ワンピース ワン ピース 通勤 ＯＮ スタイル オフィス オフィスカジュアル 
"1212240511PS010",美人 百花 １０ 月 号 タイアップ 宇垣 美里 着用 商品 セミフレア ハイ ウエスト ニット ワンピース ワン ピース 通勤 ＯＮ スタイル オフィス オフィスカジュアル 
"1212240511S020",美人 百花 １０ 月 号 タイアップ 宇垣 美里 着用 商品 セミフレア ハイ ウエスト ニット ワンピース ワン ピース 通勤 ＯＮ スタイル オフィス オフィスカジュアル 
"1212240511M020",美人 百花 １０ 月 号 タイアップ 宇垣 美里 着用 商品 セミフレア ハイ ウエスト ニット ワンピース ワン ピース 通勤 ＯＮ スタイル オフィス オフィスカジュアル 
"1212240511PS020",美人 百花 １０ 月 号 タイアップ 宇垣 美里 着用 商品 セミフレア ハイ ウエスト ニット ワンピース ワン ピース 通勤 ＯＮ スタイル オフィス オフィスカジュアル 
"1212240511S051",美人 百花 １０ 月 号 タイアップ 宇垣 美里 着用 商品 セミフレア ハイ ウエスト ニット ワンピース ワン ピース 通勤 ＯＮ スタイル オフィス オフィスカジュアル 
"1212240511M051",美人 百花 １０ 月 号 タイアップ 宇垣 美里 着用 商品 セミフレア ハイ ウエスト ニット ワンピース ワン ピース 通勤 ＯＮ スタイル オフィス オフィスカジュアル 
"1212240511PS051",美人 百花 １０ 月 号 タイアップ 宇垣 美里 着用 商品 セミフレア ハイ ウエスト ニット ワンピース ワン ピース 通勤 ＯＮ スタイル オフィス オフィスカジュアル 
"1662240954",バイ カラー ボウ タイ シャツ ワン ピース 大人 カジュアル 
"1662240954M121",バイ カラー ボウ タイ シャツ ワン ピース 大人 カジュアル 
"1662240954M141",バイ カラー ボウ タイ シャツ ワン ピース 大人 カジュアル 
"1662251052",先行 予約 １０ 月上 旬 月 中旬 入荷 予定 テック メル トン スタンド ネック ショート コート Ｓｉｚｅ Ｌｉｎｅ アウター 大人 カジュアル 
"1662251052S010",先行 予約 １０ 月上 旬 月 中旬 入荷 予定 テック メル トン スタンド ネック ショート コート Ｓｉｚｅ Ｌｉｎｅ アウター 大人 カジュアル 
"1662251052M010",先行 予約 １０ 月上 旬 月 中旬 入荷 予定 テック メル トン スタンド ネック ショート コート Ｓｉｚｅ Ｌｉｎｅ アウター 大人 カジュアル 
"1662251052S040",先行 予約 １０ 月上 旬 月 中旬 入荷 予定 テック メル トン スタンド ネック ショート コート Ｓｉｚｅ Ｌｉｎｅ アウター 大人 カジュアル 
"1662251052M040",先行 予約 １０ 月上 旬 月 中旬 入荷 予定 テック メル トン スタンド ネック ショート コート Ｓｉｚｅ Ｌｉｎｅ アウター 大人 カジュアル 
"1662251052S150",先行 予約 １０ 月上 旬 月 中旬 入荷 予定 テック メル トン スタンド ネック ショート コート Ｓｉｚｅ Ｌｉｎｅ アウター 大人 カジュアル 
"1662251052M150",先行 予約 １０ 月上 旬 月 中旬 入荷 予定 テック メル トン スタンド ネック ショート コート Ｓｉｚｅ Ｌｉｎｅ アウター 大人 カジュアル 
"1212282804",美人 百花 １０ 月 号 タイアップ 宇垣 美里 着用 商品 ストラップ パール パンプス 
"121228280423.0010",美人 百花 １０ 月 号 タイアップ 宇垣 美里 着用 商品 ストラップ パール パンプス 
"121228280424.0010",美人 百花 １０ 月 号 タイアップ 宇垣 美里 着用 商品 ストラップ パール パンプス 
"121228280423.0040",美人 百花 １０ 月 号 タイアップ 宇垣 美里 着用 商品 ストラップ パール パンプス 
"121228280423.5040",美人 百花 １０ 月 号 タイアップ 宇垣 美里 着用 商品 ストラップ パール パンプス 
"121228280424.0040",美人 百花 １０ 月 号 タイアップ 宇垣 美里 着用 商品 ストラップ パール パンプス 
"121228280423.0070",美人 百花 １０ 月 号 タイアップ 宇垣 美里 着用 商品 ストラップ パール パンプス 
"121228280423.5070",美人 百花 １０ 月 号 タイアップ 宇垣 美里 着用 商品 ストラップ パール パンプス 
"121228280424.0070",美人 百花 １０ 月 号 タイアップ 宇垣 美里 着用 商品 ストラップ パール パンプス 
"0172270109",先行 予約 １０ 月 下旬 １１ 上旬 入荷 予定 ランダム リブ ター トル ニット ランダムリブ 
"0172270109M010",先行 予約 １０ 月 下旬 １１ 上旬 入荷 予定 ランダム リブ ター トル ニット ランダムリブ 
"0172270109M031",先行 予約 １０ 月 下旬 １１ 上旬 入荷 予定 ランダム リブ ター トル ニット ランダムリブ 
"0172270109M110",先行 予約 １０ 月 下旬 １１ 上旬 入荷 予定 ランダム リブ ター トル ニット ランダムリブ 
"0172270109M140",先行 予約 １０ 月 下旬 １１ 上旬 入荷 予定 ランダム リブ ター トル ニット ランダムリブ 
"0172281905",モノグラム ミニ トート 
"0172281905-032",モノグラム ミニ トート 
"0172281905-052",モノグラム ミニ トート 
"0172230903",センター スリット スト レート パンツ 
"0172230903M010",センター スリット スト レート パンツ 
